Employee_ID,Email,Password
EMP0354,User_1@email.com,Pass7126
EMP0466,User_2@email.com,Pass8945
EMP0262,User_3@email.com,Pass8310
EMP0352,User_4@email.com,Pass2048
EMP0479,User_5@email.com,Pass2480
EMP0388,User_6@email.com,Pass1688
EMP0290,User_7@email.com,Pass4675
EMP0040,User_8@email.com,Pass5379
EMP0273,User_9@email.com,Pass8708
EMP0002,User_10@email.com,Pass9522
EMP0371,User_11@email.com,Pass6096
EMP0016,User_12@email.com,Pass3189
EMP0495,User_13@email.com,Pass7873
EMP0284,User_14@email.com,Pass2265
EMP0285,User_15@email.com,Pass1053
EMP0017,User_16@email.com,Pass2991
EMP0488,User_17@email.com,Pass8629
EMP0141,User_18@email.com,Pass1561
EMP0484,User_19@email.com,Pass4739
EMP0413,User_20@email.com,Pass5539
EMP0205,User_21@email.com,Pass2335
EMP0116,User_22@email.com,Pass2766
EMP0336,User_23@email.com,Pass8334
EMP0362,User_24@email.com,Pass8974
EMP0441,User_25@email.com,Pass4465
EMP0013,User_26@email.com,Pass1024
EMP0283,User_27@email.com,Pass1525
EMP0356,User_28@email.com,Pass7662
EMP0363,User_29@email.com,Pass4883
EMP0191,User_30@email.com,Pass2875
EMP0401,User_31@email.com,Pass7224
EMP0400,User_32@email.com,Pass7388
EMP0095,User_33@email.com,Pass5249
EMP0104,User_34@email.com,Pass3521
EMP0186,User_35@email.com,Pass3247
EMP0035,User_36@email.com,Pass9736
EMP0131,User_37@email.com,Pass6660
EMP0444,User_38@email.com,Pass9673
EMP0411,User_39@email.com,Pass5991
EMP0151,User_40@email.com,Pass4184
EMP0200,User_41@email.com,Pass1342
EMP0393,User_42@email.com,Pass4480
EMP0482,User_43@email.com,Pass9081
EMP0365,User_44@email.com,Pass3407
EMP0055,User_45@email.com,Pass1718
EMP0460,User_46@email.com,Pass7897
EMP0238,User_47@email.com,Pass2110
EMP0395,User_48@email.com,Pass2626
EMP0279,User_49@email.com,Pass5079
EMP0286,User_50@email.com,Pass6544
EMP0074,User_51@email.com,Pass5203
EMP0072,User_52@email.com,Pass3562
EMP0096,User_53@email.com,Pass4523
EMP0189,User_54@email.com,Pass6084
EMP0348,User_55@email.com,Pass4940
EMP0259,User_56@email.com,Pass1033
EMP0114,User_57@email.com,Pass5562
EMP0006,User_58@email.com,Pass3695
EMP0404,User_59@email.com,Pass7991
EMP0043,User_60@email.com,Pass4715
EMP0246,User_61@email.com,Pass5156
EMP0486,User_62@email.com,Pass2698
EMP0203,User_63@email.com,Pass5940
EMP0107,User_64@email.com,Pass7202
EMP0087,User_65@email.com,Pass1244
EMP0458,User_66@email.com,Pass6165
EMP0109,User_67@email.com,Pass5007
EMP0263,User_68@email.com,Pass6367
EMP0364,User_69@email.com,Pass3038
EMP0210,User_70@email.com,Pass6113
EMP0062,User_71@email.com,Pass4301
EMP0418,User_72@email.com,Pass7735
EMP0161,User_73@email.com,Pass8372
EMP0171,User_74@email.com,Pass7780
EMP0129,User_75@email.com,Pass6626
EMP0345,User_76@email.com,Pass9178
EMP0289,User_77@email.com,Pass5106
EMP0147,User_78@email.com,Pass7277
EMP0031,User_79@email.com,Pass1238
EMP0243,User_80@email.com,Pass9960
EMP0059,User_81@email.com,Pass3420
EMP0422,User_82@email.com,Pass7658
EMP0098,User_83@email.com,Pass8158
EMP0187,User_84@email.com,Pass8067
EMP0252,User_85@email.com,Pass7031
EMP0315,User_86@email.com,Pass9619
EMP0084,User_87@email.com,Pass7026
EMP0192,User_88@email.com,Pass3538
EMP0303,User_89@email.com,Pass9959
EMP0349,User_90@email.com,Pass3837
EMP0094,User_91@email.com,Pass6250
EMP0060,User_92@email.com,Pass2852
EMP0222,User_93@email.com,Pass8133
EMP0036,User_94@email.com,Pass1932
EMP0183,User_95@email.com,Pass5226
EMP0485,User_96@email.com,Pass8951
EMP0428,User_97@email.com,Pass8158
EMP0468,User_98@email.com,Pass9951
EMP0046,User_99@email.com,Pass2005
EMP0254,User_100@email.com,Pass6984
EMP0085,User_101@email.com,Pass3956
EMP0160,User_102@email.com,Pass6164
EMP0169,User_103@email.com,Pass5615
EMP0145,User_104@email.com,Pass2086
EMP0118,User_105@email.com,Pass8993
EMP0010,User_106@email.com,Pass9360
EMP0030,User_107@email.com,Pass5988
EMP0201,User_108@email.com,Pass1198
EMP0397,User_109@email.com,Pass2692
EMP0451,User_110@email.com,Pass7051
EMP0122,User_111@email.com,Pass7919
EMP0387,User_112@email.com,Pass9477
EMP0173,User_113@email.com,Pass4063
EMP0170,User_114@email.com,Pass1526
EMP0163,User_115@email.com,Pass7716
EMP0033,User_116@email.com,Pass5200
EMP0272,User_117@email.com,Pass4890
EMP0193,User_118@email.com,Pass4389
EMP0417,User_119@email.com,Pass8723
EMP0467,User_120@email.com,Pass7696
EMP0012,User_121@email.com,Pass6696
EMP0068,User_122@email.com,Pass2612
EMP0045,User_123@email.com,Pass3396
EMP0415,User_124@email.com,Pass6668
EMP0229,User_125@email.com,Pass6810
EMP0330,User_126@email.com,Pass8825
EMP0342,User_127@email.com,Pass6567
EMP0022,User_128@email.com,Pass3294
EMP0478,User_129@email.com,Pass6044
EMP0421,User_130@email.com,Pass7679
EMP0155,User_131@email.com,Pass6698
EMP0403,User_132@email.com,Pass7977
EMP0480,User_133@email.com,Pass8230
EMP0125,User_134@email.com,Pass2468
EMP0134,User_135@email.com,Pass4557
EMP0058,User_136@email.com,Pass9206
EMP0260,User_137@email.com,Pass1857
EMP0410,User_138@email.com,Pass3422
EMP0475,User_139@email.com,Pass8098
EMP0412,User_140@email.com,Pass6025
EMP0402,User_141@email.com,Pass9370
EMP0051,User_142@email.com,Pass5353
EMP0211,User_143@email.com,Pass2434
EMP0334,User_144@email.com,Pass1878
EMP0429,User_145@email.com,Pass7367
EMP0341,User_146@email.com,Pass2174
EMP0414,User_147@email.com,Pass8461
EMP0044,User_148@email.com,Pass1689
EMP0500,User_149@email.com,Pass8478
EMP0215,User_150@email.com,Pass3174
EMP0008,User_151@email.com,Pass9518
EMP0078,User_152@email.com,Pass4898
EMP0327,User_153@email.com,Pass2509
EMP0023,User_154@email.com,Pass1338
EMP0206,User_155@email.com,Pass4189
EMP0338,User_156@email.com,Pass5007
EMP0316,User_157@email.com,Pass1734
EMP0102,User_158@email.com,Pass3430
EMP0133,User_159@email.com,Pass2223
EMP0198,User_160@email.com,Pass5267
EMP0383,User_161@email.com,Pass4218
EMP0088,User_162@email.com,Pass9755
EMP0152,User_163@email.com,Pass3625
EMP0014,User_164@email.com,Pass4104
EMP0452,User_165@email.com,Pass3919
EMP0360,User_166@email.com,Pass2667
EMP0230,User_167@email.com,Pass7948
EMP0199,User_168@email.com,Pass7028
EMP0499,User_169@email.com,Pass2022
EMP0003,User_170@email.com,Pass9514
EMP0398,User_171@email.com,Pass4049
EMP0381,User_172@email.com,Pass6354
EMP0019,User_173@email.com,Pass1213
EMP0220,User_174@email.com,Pass1498
EMP0100,User_175@email.com,Pass4145
EMP0405,User_176@email.com,Pass8902
EMP0442,User_177@email.com,Pass2566
EMP0184,User_178@email.com,Pass2855
EMP0251,User_179@email.com,Pass5558
EMP0430,User_180@email.com,Pass1928
EMP0063,User_181@email.com,Pass6069
EMP0103,User_182@email.com,Pass4799
EMP0234,User_183@email.com,Pass7961
EMP0292,User_184@email.com,Pass7354
EMP0093,User_185@email.com,Pass8386
EMP0128,User_186@email.com,Pass9026
EMP0347,User_187@email.com,Pass6506
EMP0105,User_188@email.com,Pass9511
EMP0299,User_189@email.com,Pass5147
EMP0321,User_190@email.com,Pass4973
EMP0473,User_191@email.com,Pass9849
EMP0034,User_192@email.com,Pass2581
EMP0312,User_193@email.com,Pass7974
EMP0197,User_194@email.com,Pass5634
EMP0450,User_195@email.com,Pass3773
EMP0086,User_196@email.com,Pass7056
EMP0182,User_197@email.com,Pass6712
EMP0481,User_198@email.com,Pass9620
EMP0009,User_199@email.com,Pass8765
EMP0350,User_200@email.com,Pass1288
EMP0154,User_201@email.com,Pass6958
EMP0054,User_202@email.com,Pass8375
EMP0175,User_203@email.com,Pass7182
EMP0436,User_204@email.com,Pass1907
EMP0121,User_205@email.com,Pass9349
EMP0274,User_206@email.com,Pass6580
EMP0064,User_207@email.com,Pass7820
EMP0372,User_208@email.com,Pass8368
EMP0153,User_209@email.com,Pass8207
EMP0123,User_210@email.com,Pass4826
EMP0296,User_211@email.com,Pass6192
EMP0373,User_212@email.com,Pass1876
EMP0224,User_213@email.com,Pass9561
EMP0041,User_214@email.com,Pass2372
EMP0188,User_215@email.com,Pass5579
EMP0332,User_216@email.com,Pass3326
EMP0110,User_217@email.com,Pass8411
EMP0490,User_218@email.com,Pass1921
EMP0432,User_219@email.com,Pass4216
EMP0298,User_220@email.com,Pass4279
EMP0032,User_221@email.com,Pass2897
EMP0325,User_222@email.com,Pass3997
EMP0214,User_223@email.com,Pass1013
EMP0069,User_224@email.com,Pass1323
EMP0375,User_225@email.com,Pass8106
EMP0390,User_226@email.com,Pass2709
EMP0185,User_227@email.com,Pass7061
EMP0223,User_228@email.com,Pass1439
EMP0115,User_229@email.com,Pass9422
EMP0282,User_230@email.com,Pass3885
EMP0149,User_231@email.com,Pass1824
EMP0228,User_232@email.com,Pass3145
EMP0108,User_233@email.com,Pass2393
EMP0181,User_234@email.com,Pass1881
EMP0077,User_235@email.com,Pass9042
EMP0419,User_236@email.com,Pass4005
EMP0039,User_237@email.com,Pass7360
EMP0294,User_238@email.com,Pass9305
EMP0247,User_239@email.com,Pass8637
EMP0474,User_240@email.com,Pass8909
EMP0439,User_241@email.com,Pass4633
EMP0190,User_242@email.com,Pass2659
EMP0053,User_243@email.com,Pass4765
EMP0042,User_244@email.com,Pass1292
EMP0496,User_245@email.com,Pass6475
EMP0307,User_246@email.com,Pass3199
EMP0322,User_247@email.com,Pass3301
EMP0385,User_248@email.com,Pass6762
EMP0130,User_249@email.com,Pass3443
EMP0492,User_250@email.com,Pass4266
EMP0355,User_251@email.com,Pass8462
EMP0304,User_252@email.com,Pass7503
EMP0269,User_253@email.com,Pass7718
EMP0167,User_254@email.com,Pass3207
EMP0150,User_255@email.com,Pass3705
EMP0476,User_256@email.com,Pass2753
EMP0361,User_257@email.com,Pass9146
EMP0425,User_258@email.com,Pass2031
EMP0076,User_259@email.com,Pass8057
EMP0142,User_260@email.com,Pass7569
EMP0157,User_261@email.com,Pass1891
EMP0277,User_262@email.com,Pass5885
EMP0358,User_263@email.com,Pass8544
EMP0242,User_264@email.com,Pass9943
EMP0004,User_265@email.com,Pass3997
EMP0048,User_266@email.com,Pass9245
EMP0232,User_267@email.com,Pass9897
EMP0308,User_268@email.com,Pass3874
EMP0089,User_269@email.com,Pass5959
EMP0258,User_270@email.com,Pass7339
EMP0120,User_271@email.com,Pass4539
EMP0235,User_272@email.com,Pass2623
EMP0073,User_273@email.com,Pass9872
EMP0320,User_274@email.com,Pass4290
EMP0392,User_275@email.com,Pass4430
EMP0005,User_276@email.com,Pass8933
EMP0261,User_277@email.com,Pass7736
EMP0435,User_278@email.com,Pass4195
EMP0226,User_279@email.com,Pass1365
EMP0156,User_280@email.com,Pass4444
EMP0420,User_281@email.com,Pass5009
EMP0237,User_282@email.com,Pass8592
EMP0380,User_283@email.com,Pass3270
EMP0318,User_284@email.com,Pass7159
EMP0462,User_285@email.com,Pass6128
EMP0351,User_286@email.com,Pass6055
EMP0257,User_287@email.com,Pass6828
EMP0001,User_288@email.com,Pass4073
EMP0426,User_289@email.com,Pass7305
EMP0297,User_290@email.com,Pass1726
EMP0015,User_291@email.com,Pass1707
EMP0324,User_292@email.com,Pass8196
EMP0323,User_293@email.com,Pass4060
EMP0344,User_294@email.com,Pass8092
EMP0090,User_295@email.com,Pass6549
EMP0172,User_296@email.com,Pass9203
EMP0311,User_297@email.com,Pass6913
EMP0216,User_298@email.com,Pass9011
EMP0092,User_299@email.com,Pass1839
EMP0244,User_300@email.com,Pass3468
EMP0071,User_301@email.com,Pass1860
EMP0106,User_302@email.com,Pass2000
EMP0423,User_303@email.com,Pass1407
EMP0278,User_304@email.com,Pass4094
EMP0449,User_305@email.com,Pass3882
EMP0367,User_306@email.com,Pass1292
EMP0464,User_307@email.com,Pass8236
EMP0408,User_308@email.com,Pass8801
EMP0101,User_309@email.com,Pass8173
EMP0049,User_310@email.com,Pass3954
EMP0029,User_311@email.com,Pass1545
EMP0494,User_312@email.com,Pass2505
EMP0346,User_313@email.com,Pass4339
EMP0357,User_314@email.com,Pass4918
EMP0268,User_315@email.com,Pass2413
EMP0382,User_316@email.com,Pass7393
EMP0265,User_317@email.com,Pass2890
EMP0448,User_318@email.com,Pass6594
EMP0026,User_319@email.com,Pass9238
EMP0454,User_320@email.com,Pass2981
EMP0472,User_321@email.com,Pass7730
EMP0275,User_322@email.com,Pass7588
EMP0491,User_323@email.com,Pass7636
EMP0456,User_324@email.com,Pass1575
EMP0483,User_325@email.com,Pass2638
EMP0236,User_326@email.com,Pass2316
EMP0195,User_327@email.com,Pass9801
EMP0477,User_328@email.com,Pass4380
EMP0119,User_329@email.com,Pass2159
EMP0213,User_330@email.com,Pass3482
EMP0196,User_331@email.com,Pass8134
EMP0212,User_332@email.com,Pass1094
EMP0168,User_333@email.com,Pass2973
EMP0253,User_334@email.com,Pass6755
EMP0328,User_335@email.com,Pass9501
EMP0135,User_336@email.com,Pass4545
EMP0313,User_337@email.com,Pass2176
EMP0329,User_338@email.com,Pass9467
EMP0178,User_339@email.com,Pass8698
EMP0447,User_340@email.com,Pass6961
EMP0082,User_341@email.com,Pass7499
EMP0241,User_342@email.com,Pass3235
EMP0431,User_343@email.com,Pass5373
EMP0300,User_344@email.com,Pass5537
EMP0377,User_345@email.com,Pass7407
EMP0457,User_346@email.com,Pass5207
EMP0396,User_347@email.com,Pass6190
EMP0281,User_348@email.com,Pass7402
EMP0266,User_349@email.com,Pass9132
EMP0208,User_350@email.com,Pass9719
EMP0177,User_351@email.com,Pass6258
EMP0295,User_352@email.com,Pass3482
EMP0124,User_353@email.com,Pass3477
EMP0219,User_354@email.com,Pass2120
EMP0317,User_355@email.com,Pass6320
EMP0070,User_356@email.com,Pass4734
EMP0136,User_357@email.com,Pass7877
EMP0386,User_358@email.com,Pass3330
EMP0301,User_359@email.com,Pass8726
EMP0144,User_360@email.com,Pass9039
EMP0487,User_361@email.com,Pass6138
EMP0440,User_362@email.com,Pass6066
EMP0288,User_363@email.com,Pass4447
EMP0065,User_364@email.com,Pass5525
EMP0050,User_365@email.com,Pass4066
EMP0075,User_366@email.com,Pass3177
EMP0027,User_367@email.com,Pass8418
EMP0176,User_368@email.com,Pass4585
EMP0081,User_369@email.com,Pass5869
EMP0047,User_370@email.com,Pass4993
EMP0353,User_371@email.com,Pass9471
EMP0231,User_372@email.com,Pass1582
EMP0028,User_373@email.com,Pass4825
EMP0369,User_374@email.com,Pass4911
EMP0011,User_375@email.com,Pass1414
EMP0471,User_376@email.com,Pass6018
EMP0438,User_377@email.com,Pass1518
EMP0138,User_378@email.com,Pass8907
EMP0437,User_379@email.com,Pass2053
EMP0407,User_380@email.com,Pass4611
EMP0245,User_381@email.com,Pass7727
EMP0340,User_382@email.com,Pass1293
EMP0209,User_383@email.com,Pass6447
EMP0091,User_384@email.com,Pass7145
EMP0379,User_385@email.com,Pass5482
EMP0126,User_386@email.com,Pass1279
EMP0463,User_387@email.com,Pass2302
EMP0287,User_388@email.com,Pass4596
EMP0164,User_389@email.com,Pass5773
EMP0132,User_390@email.com,Pass9339
EMP0080,User_391@email.com,Pass1179
EMP0007,User_392@email.com,Pass5480
EMP0276,User_393@email.com,Pass5663
EMP0310,User_394@email.com,Pass7115
EMP0399,User_395@email.com,Pass7103
EMP0180,User_396@email.com,Pass5602
EMP0291,User_397@email.com,Pass2393
EMP0159,User_398@email.com,Pass4139
EMP0455,User_399@email.com,Pass3922
EMP0331,User_400@email.com,Pass1195
EMP0270,User_401@email.com,Pass1914
EMP0233,User_402@email.com,Pass8695
EMP0217,User_403@email.com,Pass7432
EMP0302,User_404@email.com,Pass7325
EMP0394,User_405@email.com,Pass3221
EMP0359,User_406@email.com,Pass4838
EMP0111,User_407@email.com,Pass7511
EMP0434,User_408@email.com,Pass7919
EMP0067,User_409@email.com,Pass4430
EMP0250,User_410@email.com,Pass8029
EMP0066,User_411@email.com,Pass3773
EMP0143,User_412@email.com,Pass6952
EMP0117,User_413@email.com,Pass1508
EMP0293,User_414@email.com,Pass4943
EMP0424,User_415@email.com,Pass9063
EMP0018,User_416@email.com,Pass2004
EMP0097,User_417@email.com,Pass9336
EMP0280,User_418@email.com,Pass5772
EMP0416,User_419@email.com,Pass5325
EMP0037,User_420@email.com,Pass8524
EMP0305,User_421@email.com,Pass7676
EMP0255,User_422@email.com,Pass4328
EMP0239,User_423@email.com,Pass9785
EMP0148,User_424@email.com,Pass3496
EMP0137,User_425@email.com,Pass2735
EMP0433,User_426@email.com,Pass8744
EMP0024,User_427@email.com,Pass5326
EMP0202,User_428@email.com,Pass9894
EMP0165,User_429@email.com,Pass5093
EMP0497,User_430@email.com,Pass5043
EMP0127,User_431@email.com,Pass3104
EMP0218,User_432@email.com,Pass7014
EMP0309,User_433@email.com,Pass6630
EMP0162,User_434@email.com,Pass4911
EMP0384,User_435@email.com,Pass7970
EMP0021,User_436@email.com,Pass1597
EMP0406,User_437@email.com,Pass4439
EMP0409,User_438@email.com,Pass3707
EMP0339,User_439@email.com,Pass2766
EMP0391,User_440@email.com,Pass9824
EMP0333,User_441@email.com,Pass5274
EMP0326,User_442@email.com,Pass8443
EMP0146,User_443@email.com,Pass7752
EMP0461,User_444@email.com,Pass5335
EMP0038,User_445@email.com,Pass2252
EMP0056,User_446@email.com,Pass2070
EMP0306,User_447@email.com,Pass7000
EMP0139,User_448@email.com,Pass3209
EMP0204,User_449@email.com,Pass5320
EMP0052,User_450@email.com,Pass5075
EMP0498,User_451@email.com,Pass7271
EMP0445,User_452@email.com,Pass9743
EMP0025,User_453@email.com,Pass8442
EMP0366,User_454@email.com,Pass9015
EMP0389,User_455@email.com,Pass4344
EMP0376,User_456@email.com,Pass6317
EMP0453,User_457@email.com,Pass3726
EMP0079,User_458@email.com,Pass9237
EMP0158,User_459@email.com,Pass7380
EMP0140,User_460@email.com,Pass6103
EMP0020,User_461@email.com,Pass3226
EMP0314,User_462@email.com,Pass6902
EMP0174,User_463@email.com,Pass2397
EMP0057,User_464@email.com,Pass2818
EMP0221,User_465@email.com,Pass9046
EMP0256,User_466@email.com,Pass5452
EMP0061,User_467@email.com,Pass2817
EMP0264,User_468@email.com,Pass7790
EMP0179,User_469@email.com,Pass4578
EMP0368,User_470@email.com,Pass4335
EMP0225,User_471@email.com,Pass4341
EMP0083,User_472@email.com,Pass9717
EMP0319,User_473@email.com,Pass9783
EMP0469,User_474@email.com,Pass7518
EMP0335,User_475@email.com,Pass4367
EMP0446,User_476@email.com,Pass8903
EMP0459,User_477@email.com,Pass6030
EMP0489,User_478@email.com,Pass4913
EMP0194,User_479@email.com,Pass9777
EMP0427,User_480@email.com,Pass8274
EMP0378,User_481@email.com,Pass2534
EMP0343,User_482@email.com,Pass3132
EMP0370,User_483@email.com,Pass1741
EMP0166,User_484@email.com,Pass5842
EMP0465,User_485@email.com,Pass7865
EMP0207,User_486@email.com,Pass8919
EMP0337,User_487@email.com,Pass9908
EMP0112,User_488@email.com,Pass9429
EMP0249,User_489@email.com,Pass4744
EMP0267,User_490@email.com,Pass3020
EMP0470,User_491@email.com,Pass7631
EMP0271,User_492@email.com,Pass7114
EMP0113,User_493@email.com,Pass4228
EMP0227,User_494@email.com,Pass9474
EMP0248,User_495@email.com,Pass6811
EMP0443,User_496@email.com,Pass2556
EMP0493,User_497@email.com,Pass8527
